﻿<?xml version="1.0" encoding="utf-8"?>
<linker>
  <assembly fullname="HybridCLR.Runtime">
    <type fullname="HybridCLR.HomologousImageMode" preserve="all" />
    <type fullname="HybridCLR.LoadImageErrorCode" preserve="all" />
    <type fullname="HybridCLR.RuntimeApi" preserve="all" />
  </assembly>
  <assembly fullname="Newtonsoft.Json">
    <type fullname="Newtonsoft.Json.JsonConvert" preserve="all" />
    <type fullname="Newtonsoft.Json.Linq.JObject" preserve="all" />
    <type fullname="Newtonsoft.Json.Linq.JToken" preserve="all" />
  </assembly>
  <assembly fullname="System">
    <type fullname="System.Collections.Generic.Queue`1" preserve="all" />
    <type fullname="System.Collections.Generic.Stack`1" preserve="all" />
    <type fullname="System.ComponentModel.DefaultValueAttribute" preserve="all" />
    <type fullname="System.ComponentModel.ImmutableObjectAttribute" preserve="all" />
    <type fullname="System.ComponentModel.Win32Exception" preserve="all" />
    <type fullname="System.Net.EndPoint" preserve="all" />
    <type fullname="System.Net.HttpWebRequest" preserve="all" />
    <type fullname="System.Net.HttpWebResponse" preserve="all" />
    <type fullname="System.Net.IPAddress" preserve="all" />
    <type fullname="System.Net.IPEndPoint" preserve="all" />
    <type fullname="System.Net.NetworkInformation.IPAddressInformation" preserve="all" />
    <type fullname="System.Net.NetworkInformation.IPInterfaceProperties" preserve="all" />
    <type fullname="System.Net.NetworkInformation.NetworkInterface" preserve="all" />
    <type fullname="System.Net.NetworkInformation.NetworkInterfaceType" preserve="all" />
    <type fullname="System.Net.NetworkInformation.OperationalStatus" preserve="all" />
    <type fullname="System.Net.NetworkInformation.PhysicalAddress" preserve="all" />
    <type fullname="System.Net.NetworkInformation.UnicastIPAddressInformation" preserve="all" />
    <type fullname="System.Net.NetworkInformation.UnicastIPAddressInformationCollection" preserve="all" />
    <type fullname="System.Net.Security.RemoteCertificateValidationCallback" preserve="all" />
    <type fullname="System.Net.Security.SslPolicyErrors" preserve="all" />
    <type fullname="System.Net.ServicePointManager" preserve="all" />
    <type fullname="System.Net.Sockets.AddressFamily" preserve="all" />
    <type fullname="System.Net.Sockets.ProtocolType" preserve="all" />
    <type fullname="System.Net.Sockets.Socket" preserve="all" />
    <type fullname="System.Net.Sockets.SocketException" preserve="all" />
    <type fullname="System.Net.Sockets.SocketFlags" preserve="all" />
    <type fullname="System.Net.Sockets.SocketShutdown" preserve="all" />
    <type fullname="System.Net.Sockets.SocketType" preserve="all" />
    <type fullname="System.Net.WebRequest" preserve="all" />
    <type fullname="System.Net.WebResponse" preserve="all" />
    <type fullname="System.Security.Cryptography.X509Certificates.X509Chain" preserve="all" />
    <type fullname="System.Text.RegularExpressions.Regex" preserve="all" />
    <type fullname="System.Uri" preserve="all" />
  </assembly>
  <assembly fullname="System.Core">
    <type fullname="System.Linq.Enumerable" preserve="all" />
  </assembly>
  <assembly fullname="UnityEngine.AndroidJNIModule">
    <type fullname="UnityEngine.AndroidJavaClass" preserve="all" />
    <type fullname="UnityEngine.AndroidJavaObject" preserve="all" />
  </assembly>
  <assembly fullname="UnityEngine.AssetBundleModule">
    <type fullname="UnityEngine.AssetBundle" preserve="all" />
    <type fullname="UnityEngine.AssetBundleRequest" preserve="all" />
  </assembly>
  <assembly fullname="UnityEngine.AudioModule">
    <type fullname="UnityEngine.AudioClip" preserve="all" />
    <type fullname="UnityEngine.AudioSource" preserve="all" />
  </assembly>
  <assembly fullname="UnityEngine.CoreModule">
    <type fullname="AOT.MonoPInvokeCallbackAttribute" preserve="all" />
    <type fullname="UnityEngine.AddComponentMenu" preserve="all" />
    <type fullname="UnityEngine.Application" preserve="all" />
    <type fullname="UnityEngine.Application/LogCallback" preserve="all" />
    <type fullname="UnityEngine.AsyncOperation" preserve="all" />
    <type fullname="UnityEngine.Camera" preserve="all" />
    <type fullname="UnityEngine.Color" preserve="all" />
    <type fullname="UnityEngine.Color32" preserve="all" />
    <type fullname="UnityEngine.Component" preserve="all" />
    <type fullname="UnityEngine.Coroutine" preserve="all" />
    <type fullname="UnityEngine.Debug" preserve="all" />
    <type fullname="UnityEngine.Events.UnityAction" preserve="all" />
    <type fullname="UnityEngine.Events.UnityAction`1" preserve="all" />
    <type fullname="UnityEngine.Events.UnityEvent`1" preserve="all" />
    <type fullname="UnityEngine.FilterMode" preserve="all" />
    <type fullname="UnityEngine.GameObject" preserve="all" />
    <type fullname="UnityEngine.HeaderAttribute" preserve="all" />
    <type fullname="UnityEngine.HideInInspector" preserve="all" />
    <type fullname="UnityEngine.KeyCode" preserve="all" />
    <type fullname="UnityEngine.LogType" preserve="all" />
    <type fullname="UnityEngine.Material" preserve="all" />
    <type fullname="UnityEngine.Mathf" preserve="all" />
    <type fullname="UnityEngine.MonoBehaviour" preserve="all" />
    <type fullname="UnityEngine.NetworkReachability" preserve="all" />
    <type fullname="UnityEngine.Object" preserve="all" />
    <type fullname="UnityEngine.PlayerPrefs" preserve="all" />
    <type fullname="UnityEngine.Random" preserve="all" />
    <type fullname="UnityEngine.RangeAttribute" preserve="all" />
    <type fullname="UnityEngine.Rect" preserve="all" />
    <type fullname="UnityEngine.RectTransform" preserve="all" />
    <type fullname="UnityEngine.RenderTexture" preserve="all" />
    <type fullname="UnityEngine.RenderTextureFormat" preserve="all" />
    <type fullname="UnityEngine.RequireComponent" preserve="all" />
    <type fullname="UnityEngine.Resources" preserve="all" />
    <type fullname="UnityEngine.RuntimePlatform" preserve="all" />
    <type fullname="UnityEngine.Screen" preserve="all" />
    <type fullname="UnityEngine.SerializeField" preserve="all" />
    <type fullname="UnityEngine.Shader" preserve="all" />
    <type fullname="UnityEngine.Sprite" preserve="all" />
    <type fullname="UnityEngine.SpriteRenderer" preserve="all" />
    <type fullname="UnityEngine.Sprites.DataUtility" preserve="all" />
    <type fullname="UnityEngine.TextAsset" preserve="all" />
    <type fullname="UnityEngine.Texture" preserve="all" />
    <type fullname="UnityEngine.Texture2D" preserve="all" />
    <type fullname="UnityEngine.TextureFormat" preserve="all" />
    <type fullname="UnityEngine.Time" preserve="all" />
    <type fullname="UnityEngine.TooltipAttribute" preserve="all" />
    <type fullname="UnityEngine.Transform" preserve="all" />
    <type fullname="UnityEngine.Vector2" preserve="all" />
    <type fullname="UnityEngine.Vector3" preserve="all" />
    <type fullname="UnityEngine.Vector4" preserve="all" />
    <type fullname="UnityEngine.WaitForEndOfFrame" preserve="all" />
    <type fullname="UnityEngine.WaitForSeconds" preserve="all" />
    <type fullname="UnityEngine.WaitForSecondsRealtime" preserve="all" />
  </assembly>
  <assembly fullname="UnityEngine.ImageConversionModule">
    <type fullname="UnityEngine.ImageConversion" preserve="all" />
  </assembly>
  <assembly fullname="UnityEngine.InputLegacyModule">
    <type fullname="UnityEngine.DeviceOrientation" preserve="all" />
    <type fullname="UnityEngine.Input" preserve="all" />
    <type fullname="UnityEngine.LocationInfo" preserve="all" />
    <type fullname="UnityEngine.LocationService" preserve="all" />
    <type fullname="UnityEngine.LocationServiceStatus" preserve="all" />
    <type fullname="UnityEngine.Touch" preserve="all" />
    <type fullname="UnityEngine.TouchPhase" preserve="all" />
  </assembly>
  <assembly fullname="UnityEngine.TextRenderingModule">
    <type fullname="UnityEngine.TextAnchor" preserve="all" />
    <type fullname="UnityEngine.UIVertex" preserve="all" />
  </assembly>
  <assembly fullname="UnityEngine.UI">
    <type fullname="UnityEngine.EventSystems.IBeginDragHandler" preserve="all" />
    <type fullname="UnityEngine.EventSystems.IDragHandler" preserve="all" />
    <type fullname="UnityEngine.EventSystems.IDropHandler" preserve="all" />
    <type fullname="UnityEngine.EventSystems.IEndDragHandler" preserve="all" />
    <type fullname="UnityEngine.EventSystems.IEventSystemHandler" preserve="all" />
    <type fullname="UnityEngine.EventSystems.IPointerClickHandler" preserve="all" />
    <type fullname="UnityEngine.EventSystems.IPointerDownHandler" preserve="all" />
    <type fullname="UnityEngine.EventSystems.IPointerEnterHandler" preserve="all" />
    <type fullname="UnityEngine.EventSystems.IPointerExitHandler" preserve="all" />
    <type fullname="UnityEngine.EventSystems.IPointerUpHandler" preserve="all" />
    <type fullname="UnityEngine.EventSystems.IScrollHandler" preserve="all" />
    <type fullname="UnityEngine.EventSystems.PointerEventData" preserve="all" />
    <type fullname="UnityEngine.EventSystems.UIBehaviour" preserve="all" />
    <type fullname="UnityEngine.UI.BaseMeshEffect" preserve="all" />
    <type fullname="UnityEngine.UI.CanvasScaler" preserve="all" />
    <type fullname="UnityEngine.UI.Graphic" preserve="all" />
    <type fullname="UnityEngine.UI.HorizontalLayoutGroup" preserve="all" />
    <type fullname="UnityEngine.UI.HorizontalOrVerticalLayoutGroup" preserve="all" />
    <type fullname="UnityEngine.UI.Image" preserve="all" />
    <type fullname="UnityEngine.UI.RawImage" preserve="all" />
    <type fullname="UnityEngine.UI.ScrollRect" preserve="all" />
    <type fullname="UnityEngine.UI.ScrollRect/MovementType" preserve="all" />
    <type fullname="UnityEngine.UI.ScrollRect/ScrollRectEvent" preserve="all" />
    <type fullname="UnityEngine.UI.Selectable" preserve="all" />
    <type fullname="UnityEngine.UI.Shadow" preserve="all" />
    <type fullname="UnityEngine.UI.Text" preserve="all" />
    <type fullname="UnityEngine.UI.Toggle" preserve="all" />
    <type fullname="UnityEngine.UI.Toggle/ToggleEvent" preserve="all" />
    <type fullname="UnityEngine.UI.ToggleGroup" preserve="all" />
    <type fullname="UnityEngine.UI.VertexHelper" preserve="all" />
    <type fullname="UnityEngine.UI.VerticalLayoutGroup" preserve="all" />
  </assembly>
  <assembly fullname="UnityEngine.UIModule">
    <type fullname="UnityEngine.Canvas" preserve="all" />
    <type fullname="UnityEngine.CanvasGroup" preserve="all" />
    <type fullname="UnityEngine.RectTransformUtility" preserve="all" />
  </assembly>
  <assembly fullname="UnityEngine.UnityWebRequestModule">
    <type fullname="UnityEngine.Networking.DownloadHandler" preserve="all" />
    <type fullname="UnityEngine.Networking.DownloadHandlerBuffer" preserve="all" />
    <type fullname="UnityEngine.Networking.UnityWebRequest" preserve="all" />
    <type fullname="UnityEngine.Networking.UnityWebRequest/Result" preserve="all" />
    <type fullname="UnityEngine.Networking.UnityWebRequestAsyncOperation" preserve="all" />
    <type fullname="UnityEngine.WWWForm" preserve="all" />
  </assembly>
  <assembly fullname="mscorlib">
    <type fullname="System.Action" preserve="all" />
    <type fullname="System.Action`1" preserve="all" />
    <type fullname="System.Activator" preserve="all" />
    <type fullname="System.ArgumentException" preserve="all" />
    <type fullname="System.ArgumentNullException" preserve="all" />
    <type fullname="System.ArgumentOutOfRangeException" preserve="all" />
    <type fullname="System.Array" preserve="all" />
    <type fullname="System.AsyncCallback" preserve="all" />
    <type fullname="System.Attribute" preserve="all" />
    <type fullname="System.AttributeTargets" preserve="all" />
    <type fullname="System.AttributeUsageAttribute" preserve="all" />
    <type fullname="System.BitConverter" preserve="all" />
    <type fullname="System.Boolean" preserve="all" />
    <type fullname="System.Buffer" preserve="all" />
    <type fullname="System.Byte" preserve="all" />
    <type fullname="System.CLSCompliantAttribute" preserve="all" />
    <type fullname="System.Char" preserve="all" />
    <type fullname="System.Collections.ArrayList" preserve="all" />
    <type fullname="System.Collections.Concurrent.ConcurrentQueue`1" preserve="all" />
    <type fullname="System.Collections.Generic.Dictionary`2" preserve="all" />
    <type fullname="System.Collections.Generic.Dictionary`2/Enumerator" preserve="all" />
    <type fullname="System.Collections.Generic.Dictionary`2/KeyCollection" preserve="all" />
    <type fullname="System.Collections.Generic.Dictionary`2/KeyCollection/Enumerator" preserve="all" />
    <type fullname="System.Collections.Generic.Dictionary`2/ValueCollection" preserve="all" />
    <type fullname="System.Collections.Generic.Dictionary`2/ValueCollection/Enumerator" preserve="all" />
    <type fullname="System.Collections.Generic.ICollection`1" preserve="all" />
    <type fullname="System.Collections.Generic.IComparer`1" preserve="all" />
    <type fullname="System.Collections.Generic.IDictionary`2" preserve="all" />
    <type fullname="System.Collections.Generic.IEnumerable`1" preserve="all" />
    <type fullname="System.Collections.Generic.IEnumerator`1" preserve="all" />
    <type fullname="System.Collections.Generic.IEqualityComparer`1" preserve="all" />
    <type fullname="System.Collections.Generic.IReadOnlyList`1" preserve="all" />
    <type fullname="System.Collections.Generic.KeyValuePair`2" preserve="all" />
    <type fullname="System.Collections.Generic.List`1" preserve="all" />
    <type fullname="System.Collections.Generic.List`1/Enumerator" preserve="all" />
    <type fullname="System.Collections.Hashtable" preserve="all" />
    <type fullname="System.Collections.ICollection" preserve="all" />
    <type fullname="System.Collections.IComparer" preserve="all" />
    <type fullname="System.Collections.IDictionary" preserve="all" />
    <type fullname="System.Collections.IEnumerable" preserve="all" />
    <type fullname="System.Collections.IEnumerator" preserve="all" />
    <type fullname="System.Collections.IList" preserve="all" />
    <type fullname="System.Comparison`1" preserve="all" />
    <type fullname="System.Convert" preserve="all" />
    <type fullname="System.DateTime" preserve="all" />
    <type fullname="System.Decimal" preserve="all" />
    <type fullname="System.Delegate" preserve="all" />
    <type fullname="System.Diagnostics.ConditionalAttribute" preserve="all" />
    <type fullname="System.Diagnostics.DebuggableAttribute" preserve="all" />
    <type fullname="System.Diagnostics.DebuggableAttribute/DebuggingModes" preserve="all" />
    <type fullname="System.Diagnostics.DebuggerHiddenAttribute" preserve="all" />
    <type fullname="System.Diagnostics.StackFrame" preserve="all" />
    <type fullname="System.Double" preserve="all" />
    <type fullname="System.Enum" preserve="all" />
    <type fullname="System.Environment" preserve="all" />
    <type fullname="System.EventArgs" preserve="all" />
    <type fullname="System.Exception" preserve="all" />
    <type fullname="System.FlagsAttribute" preserve="all" />
    <type fullname="System.FormatException" preserve="all" />
    <type fullname="System.Func`2" preserve="all" />
    <type fullname="System.GC" preserve="all" />
    <type fullname="System.Globalization.CultureInfo" preserve="all" />
    <type fullname="System.Globalization.NumberStyles" preserve="all" />
    <type fullname="System.Guid" preserve="all" />
    <type fullname="System.IAsyncResult" preserve="all" />
    <type fullname="System.IComparable" preserve="all" />
    <type fullname="System.IComparable`1" preserve="all" />
    <type fullname="System.IDisposable" preserve="all" />
    <type fullname="System.IFormatProvider" preserve="all" />
    <type fullname="System.IO.Directory" preserve="all" />
    <type fullname="System.IO.DirectoryInfo" preserve="all" />
    <type fullname="System.IO.EndOfStreamException" preserve="all" />
    <type fullname="System.IO.File" preserve="all" />
    <type fullname="System.IO.FileMode" preserve="all" />
    <type fullname="System.IO.FileStream" preserve="all" />
    <type fullname="System.IO.MemoryStream" preserve="all" />
    <type fullname="System.IO.Path" preserve="all" />
    <type fullname="System.IO.SearchOption" preserve="all" />
    <type fullname="System.IO.SeekOrigin" preserve="all" />
    <type fullname="System.IO.Stream" preserve="all" />
    <type fullname="System.IO.StreamWriter" preserve="all" />
    <type fullname="System.IO.TextWriter" preserve="all" />
    <type fullname="System.Int16" preserve="all" />
    <type fullname="System.Int32" preserve="all" />
    <type fullname="System.Int64" preserve="all" />
    <type fullname="System.InvalidOperationException" preserve="all" />
    <type fullname="System.MulticastDelegate" preserve="all" />
    <type fullname="System.NotSupportedException" preserve="all" />
    <type fullname="System.NullReferenceException" preserve="all" />
    <type fullname="System.Nullable" preserve="all" />
    <type fullname="System.Nullable`1" preserve="all" />
    <type fullname="System.Object" preserve="all" />
    <type fullname="System.ObsoleteAttribute" preserve="all" />
    <type fullname="System.OverflowException" preserve="all" />
    <type fullname="System.ParamArrayAttribute" preserve="all" />
    <type fullname="System.Predicate`1" preserve="all" />
    <type fullname="System.Reflection.Assembly" preserve="all" />
    <type fullname="System.Reflection.AssemblyCompanyAttribute" preserve="all" />
    <type fullname="System.Reflection.AssemblyConfigurationAttribute" preserve="all" />
    <type fullname="System.Reflection.AssemblyCopyrightAttribute" preserve="all" />
    <type fullname="System.Reflection.AssemblyDescriptionAttribute" preserve="all" />
    <type fullname="System.Reflection.AssemblyFileVersionAttribute" preserve="all" />
    <type fullname="System.Reflection.AssemblyProductAttribute" preserve="all" />
    <type fullname="System.Reflection.AssemblyTitleAttribute" preserve="all" />
    <type fullname="System.Reflection.AssemblyTrademarkAttribute" preserve="all" />
    <type fullname="System.Reflection.Binder" preserve="all" />
    <type fullname="System.Reflection.BindingFlags" preserve="all" />
    <type fullname="System.Reflection.ConstructorInfo" preserve="all" />
    <type fullname="System.Reflection.DefaultMemberAttribute" preserve="all" />
    <type fullname="System.Reflection.FieldInfo" preserve="all" />
    <type fullname="System.Reflection.MemberInfo" preserve="all" />
    <type fullname="System.Reflection.MemberTypes" preserve="all" />
    <type fullname="System.Reflection.MethodBase" preserve="all" />
    <type fullname="System.Reflection.MethodInfo" preserve="all" />
    <type fullname="System.Reflection.ParameterInfo" preserve="all" />
    <type fullname="System.Reflection.ParameterModifier" preserve="all" />
    <type fullname="System.Reflection.PropertyInfo" preserve="all" />
    <type fullname="System.Runtime.CompilerServices.CompilationRelaxationsAttribute" preserve="all" />
    <type fullname="System.Runtime.CompilerServices.CompilerGeneratedAttribute" preserve="all" />
    <type fullname="System.Runtime.CompilerServices.ExtensionAttribute" preserve="all" />
    <type fullname="System.Runtime.CompilerServices.InternalsVisibleToAttribute" preserve="all" />
    <type fullname="System.Runtime.CompilerServices.IsReadOnlyAttribute" preserve="all" />
    <type fullname="System.Runtime.CompilerServices.IsVolatile" preserve="all" />
    <type fullname="System.Runtime.CompilerServices.IteratorStateMachineAttribute" preserve="all" />
    <type fullname="System.Runtime.CompilerServices.RuntimeCompatibilityAttribute" preserve="all" />
    <type fullname="System.Runtime.CompilerServices.RuntimeHelpers" preserve="all" />
    <type fullname="System.Runtime.InteropServices.ComVisibleAttribute" preserve="all" />
    <type fullname="System.Runtime.InteropServices.GuidAttribute" preserve="all" />
    <type fullname="System.RuntimeTypeHandle" preserve="all" />
    <type fullname="System.SByte" preserve="all" />
    <type fullname="System.Security.Cryptography.AsymmetricAlgorithm" preserve="all" />
    <type fullname="System.Security.Cryptography.CipherMode" preserve="all" />
    <type fullname="System.Security.Cryptography.HashAlgorithm" preserve="all" />
    <type fullname="System.Security.Cryptography.ICryptoTransform" preserve="all" />
    <type fullname="System.Security.Cryptography.MD5CryptoServiceProvider" preserve="all" />
    <type fullname="System.Security.Cryptography.PaddingMode" preserve="all" />
    <type fullname="System.Security.Cryptography.RSACryptoServiceProvider" preserve="all" />
    <type fullname="System.Security.Cryptography.RijndaelManaged" preserve="all" />
    <type fullname="System.Security.Cryptography.SHA1CryptoServiceProvider" preserve="all" />
    <type fullname="System.Security.Cryptography.SymmetricAlgorithm" preserve="all" />
    <type fullname="System.Security.Cryptography.X509Certificates.X509Certificate" preserve="all" />
    <type fullname="System.Security.Permissions.SecurityAction" preserve="all" />
    <type fullname="System.Security.Permissions.SecurityPermissionAttribute" preserve="all" />
    <type fullname="System.Security.UnverifiableCodeAttribute" preserve="all" />
    <type fullname="System.Single" preserve="all" />
    <type fullname="System.String" preserve="all" />
    <type fullname="System.StringComparison" preserve="all" />
    <type fullname="System.Text.Encoding" preserve="all" />
    <type fullname="System.Text.StringBuilder" preserve="all" />
    <type fullname="System.Text.UTF8Encoding" preserve="all" />
    <type fullname="System.ThreadStaticAttribute" preserve="all" />
    <type fullname="System.Threading.EventWaitHandle" preserve="all" />
    <type fullname="System.Threading.Interlocked" preserve="all" />
    <type fullname="System.Threading.ManualResetEvent" preserve="all" />
    <type fullname="System.Threading.Monitor" preserve="all" />
    <type fullname="System.Threading.Thread" preserve="all" />
    <type fullname="System.Threading.ThreadPool" preserve="all" />
    <type fullname="System.Threading.ThreadStart" preserve="all" />
    <type fullname="System.Threading.WaitCallback" preserve="all" />
    <type fullname="System.Threading.WaitHandle" preserve="all" />
    <type fullname="System.TimeSpan" preserve="all" />
    <type fullname="System.TimeZoneInfo" preserve="all" />
    <type fullname="System.TimeoutException" preserve="all" />
    <type fullname="System.Type" preserve="all" />
    <type fullname="System.TypeCode" preserve="all" />
    <type fullname="System.UInt16" preserve="all" />
    <type fullname="System.UInt32" preserve="all" />
    <type fullname="System.UInt64" preserve="all" />
    <type fullname="System.ValueType" preserve="all" />
    <type fullname="System.Void" preserve="all" />
  </assembly>
</linker>